nota	vezes	frase	mais parecida nos guias	arquivo	exemplo de onde aparece
0.21	1	A Dedicada lava mochilas, bonés e tapetes pequenos, que ainda não têm guia próprio. Não lava bolsas, camurça, sofás, colchões nem tapetes médios e grandes. Mande uma foto da peça e da etiqueta pelo WhatsApp: a equipe avalia pela foto e diz como lavar.	Não escove nem esfregue a área, para não espalhar o mofo nem marcar o pelo, e leve a peça para lavar logo, a seco ou em água conforme a etiqueta.	veludo.md	nota: outra
0.24	1	Na Dedicada, a roupa de bebê e a infantil são lavadas só em água, nunca a seco, em lote individual e com produtos da Seitz dermatologicamente testados e hipoalergênicos. Secam ao natural, sem secadora. A Dedicada também lava ninhos, enxoval, carrinho e bebê conforto.	Na Dedicada, a capa e a estrutura do carrinho e do bebê conforto são lavadas à mão, e os cintos de segurança são higienizados por fora, sem encharcar.	carrinho-de-bebe.md	nota: bebe
0.27	1	Mande uma foto ou leve a peça para a equipe avaliar: alguns danos não se desfazem na lavagem.	Leve a peça para avaliação.	algodao.md	família: primeiro cuidado
0.29	38	Esfregar ou torcer a peça molhada: a viscose fica mais frágil quando está molhada.	Na Dedicada, a maioria das peças fica pronta em 2 dias;	_central.md	família: viscose/m-vinho
0.30	814	Até levar, deixe a peça arejar, longe do calor e fora de saco plástico.	- Deixe arejar num cabide, fora do armário, depois de usar.	alfaiataria.md	guia: seda/vinho-tinto
0.30	23	Mande uma foto pelo WhatsApp e conte onde a peça esteve e o que pode ter caído.	Peça seu orçamento pelo WhatsApp →	alfaiataria.md	não sei: seda/m-desconhecida
0.31	1	Na Dedicada, toalhas de mesa e guardanapos vão primeiro para a lavagem a seco, que tira a gordura de comidas, e depois para a água, onde sai o restante das manchas.	Tecidos que marcam com água, atrito ou calor e que, na Dedicada, vão para a lavagem a seco ou para processos delicados.	_central.md	nota: mesa
0.33	23	Sem saber o que é a mancha, qualquer produto caseiro pode fixá-la ou tirar a cor do tecido.	O filtro solar que fica no tecido reage com minerais da água, como o ferro, e deixa manchas alaranjadas ou cor de ferrugem, principalmente na gola e nas mangas.	algodao.md	não sei: seda/m-desconhecida
0.33	1	Leve a peça para limpar; depois, o furo pede cerzido.	a tina diz se a peça vai à água, e o círculo diz se ela pede lavagem profissional.	_central.md	guia: la/traca
0.33	1	Lave separada das outras peças, ou leve à Dedicada.	#### Como lavar cada tecido e cada peça, do jeito que a Dedicada Lavanderia faz em Florianópolis desde 2003.	_central.md	guia: jeans/barro
0.33	1	Urgente: lave logo	o vinho tinto é o mais urgente	_central.md	guia: edredom/mofo
0.35	24	Em peça colorida, o cloro deixa manchas claras que não voltam, como no jeans e na sarja; em peça branca, enfraquece a fibra. Na Dedicada, o alvejamento é à base de oxigênio, sem cloro.	Na Dedicada, peças brancas ou amareladas recebem alvejamento sem cloro, e peças de linho muito sujas vão para a água, que ajuda a tirar as manchas, e secam ao natural.	linho.md	família: seda/m-agua-sanitaria
0.36	15	Deixe a peça arejar e não guarde úmida: cheiro de guardado costuma vir da umidade.	Não guarde a roupa de cama úmida, e lave antes de usar o lençol que ficou muito tempo guardado.	roupa-de-cama.md	família: seda/m-cheiro
0.38	1	Sim, conforme a etiqueta: desabotoada, sem torcer e sem água quente nas coloridas.	A seco ou em água, conforme a etiqueta;	_central.md	máquina: camisas
0.40	1	Esfregar: a mancha esfregada deixa uma área clara ou marcada, que não tem conserto na lavagem.	Não tem conserto na lavagem	alfaiataria.md	guia: linho/vinho-cafe-cha
0.40	1	Da próxima vez, passe com um pano por cima.	use um pano por cima ou vapor, sem pressionar.	alfaiataria.md	guia: alfaiataria/brilho
0.40	1	Da próxima vez, mantenha o couro longe do sol forte, do ferro e de fontes de calor.	- Secar no sol forte ou perto de fonte de calor:	couro.md	guia: couro/encolhimento-calor
0.40	1	Colocar direto na máquina com outras roupas.	Roupa de couro não vai à máquina de casa, ao sol nem ao ferro.	couro.md	guia: jeans/barro
0.40	1	Da próxima vez, não lote a máquina.	Peças grandes, que não cabem direito na máquina de casa ou pedem ciclos próprios.	_central.md	guia: jeans/riscos-brancos
0.40	1	Da próxima vez, seque a capa ao natural.	Desmontamos, lavamos à mão a capa e a estrutura, higienizamos os cintos por fora, sem encharcar, secamos ao natural com ventilador profissional e montamos de novo.	carrinho-de-bebe.md	guia: roupa-de-cama/capa-encolhida
0.40	1	Lavagem só em água, nunca a seco: por unidade, em lote individual, separada das outras roupas.	algumas peças aceitam água, outras só lavagem a seco.	peles.md	processo: bebe
0.40	1	Produtos da Seitz dermatologicamente testados e hipoalergênicos.	Na Dedicada, é feita com produtos e programas da alemã Seitz e é o caminho do couro, dos tênis, das pelúcias, das cortinas, do jeans e dos vestidos de noiva.	_central.md	processo: bebe
0.41	1	Na Dedicada, a farda estilo alfaiataria, com entretela, vai para a lavagem a seco; a que não tem entretela vai para a água. Depois, é seca, passada e entregue em cabide, pronta para uso.	Na Dedicada, as capas de sofá e de almofada são lavadas, alvejadas e secas ao natural, para não encolher, e depois passadas e entregues prontas para uso.	roupa-de-cama.md	nota: fardas
0.42	22	Álcool e água sanitária atacam o corante, e as manchas claras que eles deixam costumam não voltar.	Água sanitária e alvejante com cloro destroem o corante e deixam uma mancha esbranquiçada;	couro.md	família: seda/m-desbotou
0.43	1	Esfregar ou lavar em casa: o atrito desalinha ainda mais a fibra.	Os erros mais comuns são esfregar a mancha, usar demaquilante, lavar em casa e guardar o vestido em capa plástica fechada.	cetim-organza.md	guia: seda/quebrados-brancos
0.43	113	Se preferir, mande antes uma foto da peça e da etiqueta pelo WhatsApp.	Peça seu orçamento pelo WhatsApp →	alfaiataria.md	família: seda/m-agua-sanitaria
0.44	21	Não puxe as bolinhas com a mão nem com lâmina: pode furar ou abrir a malha.	Sem puxar com a mão e sem lâmina de barbear, que podem furar a malha.	la.md	família: seda/m-bolinhas
0.44	20	O calor achata ou derrete a fibra, e em alguns materiais a marca não sai.	o pelo achata e fica uma marca brilhante que não sai.	veludo.md	família: festa-noiva/m-queimado
0.44	1	Lavagem a seco, quando a farda é estilo alfaiataria e tem entretela; em água, quando não tem.	Na Dedicada, o terno vai para a lavagem a seco, e, quando tem cheiro nas axilas, recebe um tratamento específico que tira o odor e preserva a entretela, sem deixar bolhas no paletó.	alfaiataria.md	processo: fardas
0.45	23	Não aplique nenhum produto: só encoste um pano limpo, se a mancha ainda estiver úmida.	Tire o excesso encostando um pano limpo, sem esfregar, e não use água quente, que fixa manchas de café, chá e vinho.	_central.md	não sei: seda/m-desconhecida
0.45	1	Depois, guarde o terno limpo, em cabide de madeira de ombro largo e capa de tecido, com espaço no armário.	cabide de ombro largo e capa de tecido.	linho.md	guia: alfaiataria/mofo
0.45	1	Da próxima vez, passe pelo avesso, com o ferro em temperatura média, e evite a secadora quente.	Pelo avesso, com o ferro em temperatura média, de dois pontos, e com a calça levemente úmida.	jeans-sarja.md	guia: jeans/elastano
0.46	1	Segundo a ANEL, a viscose perde boa parte da resistência quando está molhada. Por isso, não esfregue nem torça a peça molhada.	Ele costuma ser feito de viscose de bambu, e, segundo a ANEL, a viscose perde de 40 a 60% da resistência quando molhada.	roupa-de-cama.md	nota: viscose
0.50	803	Esfregar: o atrito espalha a mancha e pode tirar a cor.	- Numa mancha fresca, encoste um pano limpo para tirar o excesso, sem esfregar.	alfaiataria.md	família: seda/m-cafe
0.50	23	Não seque a peça: o calor da secadora fixa o corante de vez.	o calor fixa a mancha e o corante de vez.	algodao.md	família: seda/m-cor
0.50	1	Tire o vestido da capa plástica e deixe arejar.	Os erros mais comuns são esfregar a mancha, usar demaquilante, lavar em casa e guardar o vestido em capa plástica fechada.	cetim-organza.md	guia: festa-noiva/mofo
0.50	1	Leve o vestido para lavar inteiro.	Os erros mais comuns são esfregar a mancha, usar demaquilante, lavar em casa e guardar o vestido em capa plástica fechada.	cetim-organza.md	guia: festa-noiva/marcas-agua
0.50	1	Leve o vestido para avaliar antes de guardar.	Leve a peça para avaliação.	algodao.md	guia: festa-noiva/pedrarias
0.50	1	Esfregar espalha a mancha e achata o pelo; retire o excesso encostando um pano, sem pressionar.	Em mancha fresca, tire o excesso encostando um pano, sem esfregar, e não use água quente.	_central.md	guia: veludo/bebida-comida
0.50	1	Luz refletindo no pelo desalinhado; não é mancha nem desbote.	O aspecto rajado vem da luz refletindo no pelo desalinhado, e alinhar o pelo resolve.	veludo.md	guia: veludo/rajado
0.50	1	Da próxima vez, nada de máquina de casa nem de secadora: leve a lã para lavar a seco.	Seguindo a etiqueta, que diz se a peça aceita água ou só lavagem a seco, e sem máquina de casa nem secadora.	peles.md	guia: la/feltragem
0.50	1	Leve a jaqueta para lavar antes de guardar.	Linho, veludo, jaquetas, pelúcias pequenas e cortinas leves só quando a etiqueta permite água, e com cuidado.	_central.md	guia: jaquetas/cheiro-suor
0.50	36	Removedor, querosene ou álcool na mancha: derretem o nylon e ressecam o poliuretano.	- Usar removedor, querosene ou álcool em mancha:	sintetico.md	família: jaquetas/m-vinho
0.50	1	Poliuretano: lavagem em água ou higienização só da superfície, e secagem natural. Se a peça já estiver descascando, o cliente é avisado antes.	Na Dedicada, a peça de poliuretano é lavada em água ou higienizada só na superfície, e seca ao natural, para não envelhecer antes do tempo.	sintetico.md	processo: jaquetas
0.50	1	Graxa de sapato para disfarçar: costuma piorar o problema.	- Usar graxa de sapato para disfarçar esfolados:	couro.md	guia: couro/gordura
0.50	1	Não seque a peça: deixe como está até levar.	- Deixe espaço no armário, para o paletó não ficar amassado entre outras peças.	alfaiataria.md	guia: camisas/cor-outra-peca
0.50	1	Branqueador óptico, escovação à mão e o programa de alta sujidade da Seitz. Nas camisas muito amareladas e com gordura: lavagem a seco antes da água e uma pasta que age de um dia para o outro.	Na Dedicada, colarinho e punhos são escovados à mão com branqueador óptico, a camisa vai para o programa de alta sujidade da Seitz e é passada num manequim italiano Trevil;	algodao.md	guia: camisas/colarinho
0.50	1	Se não for tratar em casa, leve a camisa em até 48 horas.	Não esfregue e leve o vestido para tratamento em até 48 horas.	cetim-organza.md	guia: camisas/desodorante
0.50	1	Precisa de produto próprio antes da água; esfregar com detergente tira a cor.	Precisa de produto próprio antes da água;	jeans-sarja.md	guia: jeans/graxa
0.50	35	Alvejante com cloro em jeans ou sarja colorida: deixa manchas claras que não voltam.	- Usar alvejante com cloro em jeans ou sarja colorida:	jeans-sarja.md	família: jeans/m-vinho
0.50	1	Contato com molas ou estrado de metal; água sanitária escurece a mancha.	Contato com molas ou estrado de metal;	roupa-de-cama.md	guia: roupa-de-cama/ferrugem
0.50	1	Sim, na temperatura da etiqueta; lençol de seda, não.	lençol de seda, não	_central.md	máquina: roupa-de-cama
0.50	1	Remoção de mofo, quando possível, antes do ciclo próprio para cortinas.	Na Dedicada, as barras são esfregadas à mão, a cortina lava em ciclo próprio e seca ao natural, e fica pronta em 3 a 4 dias.	cortinas.md	guia: cortinas/mofo
0.50	1	Antes de lavar outro blackout, confirme se o tecido é lavável.	só lavamos blackout de tecido lavável.	cortinas.md	guia: cortinas/blackout
0.50	1	Pelúcia guardada com umidade; o enchimento segura a água.	Um edredom grande encharcado demora a secar por dentro, e a umidade que fica no enchimento é o começo do mofo e do cheiro de guardado, ainda mais no clima úmido de Florianópolis.	edredom.md	guia: pelucias/mofo
0.50	3	Mancha tratada antes da lavagem, com o tira-manchas da Seitz próprio da família dela (V1, V2 ou V3).	Fazemos a pré-lavagem, deixamos de molho e tratamos cada tipo de mancha com um protocolo próprio antes de lavar no programa da Seitz para noivas.	_central.md	processo: viscose
0.50	1	Segundo a ANEL, o poliéster e a poliamida, que é o nylon, amarelam com cloro, e secadora ou ferro muito quentes fazem o elastano perder a força.	Segundo a ANEL, a poliamida, que é o nylon, amarela ao sol, e o poliéster e a poliamida amarelam com cloro.	sintetico.md	nota: sinteticos
0.50	1	Entrega dobrada e separada por tamanho, pronta para uso.	As proteções de ombro, cotovelo e costas saem antes da lavagem e voltam ao lugar depois, e a peça é entregue pronta para uso.	couro.md	processo: bebe
0.50	1	Lavagem a seco primeiro, para tirar a gordura de comidas.	Quando colarinho, punhos ou axilas estão muito amarelados e com gordura, a camisa vai antes para a lavagem a seco, que tira a oleosidade da pele, e recebe uma pasta própria para essas manchas, que age de um dia para o outro.	algodao.md	processo: mesa
0.53	1	Tire o excesso sem esfregar e não use álcool, acetona nem removedor: em couro e em detalhes sintéticos, eles tiram a cor ou dissolvem o material.	Não use álcool, acetona nem removedor, que tiram a cor e ressecam o couro.	tenis-calcados.md	família: primeiro cuidado
0.54	17	Água quente e secadora são as causas mais comuns, e em muitos tecidos o encolhimento não tem volta na lavagem.	Água quente e secadora são as causas mais comuns de encolhimento, principalmente em lã, linho e algodão.	_central.md	família: festa-noiva/m-encolheu
0.54	1	Não, nem no ciclo delicado: a agitação com água morna ou quente feltra a fibra, e a peça encolhe sem volta.	água morna com agitação transforma a fibra em feltro, e a peça encolhe sem volta.	la.md	máquina: la
0.54	1	Wet cleaning em ciclo próprio para cortinas, nos programas da Seitz: 30 °C para sujidade leve e 40 °C para barras muito sujas, amarelado e poeira.	Wet cleaning em ciclo próprio para cortinas, nos programas da Seitz:	cortinas.md	processo: cortinas
0.55	1	O álcool é retirado primeiro; depois a seda é lavada a seco e, se ficar sombra, em água, no programa da Seitz para seda.	Na Dedicada, a seda é lavada a seco e, quando fica sombra de bebida, também em água fria, no programa próprio para seda;	seda.md	guia: seda/vinho-tinto
0.55	1	Leve a peça para tratar: não é mancha, é a fibra desalinhada refletindo a luz em várias direções.	a superfície da fibra fica desalinhada e passa a refletir a luz em várias direções, em vez de uma só.	seda.md	guia: seda/quebrados-brancos
0.55	1	É o estado em que a maioria dos vestidos de noiva chega depois da festa; sai com pré-lavagem e protocolos de manchas.	É o estado em que a maioria dos vestidos de noiva chega depois da festa;	cetim-organza.md	guia: festa-noiva/barra-comida-vinho
0.55	1	Blazers, calças, vestidos e a maior parte das peças: lavagem a seco, em percloroetileno, para não encolher.	Na Dedicada, a maior parte do linho vai para a lavagem a seco, justamente para não encolher.	linho.md	processo: linho
0.56	23	Não passe a ferro sobre a mancha: o calor fixa desodorante e suor.	Não use água sanitária, que fixa a mancha, e não passe a ferro antes de tratar.	algodao.md	família: seda/m-desodorante
0.56	19	Não misture a peça com outras roupas: a terra espalha e encarde o resto.	Se a peça for direto para a máquina, a terra espalha e encarde o resto	jeans-sarja.md	família: seda/m-lama
0.56	1	Da próxima vez, se a etiqueta tiver a tina com X, leve a peça para lavar a seco.	Não escove nem esfregue a área, para não espalhar o mofo nem marcar o pelo, e leve a peça para lavar logo, a seco ou em água conforme a etiqueta.	veludo.md	guia: linho/mudanca-cor
0.56	1	Guardar úmida em armário fechado: o recheio mofa e a peça pega cheiro.	o recheio mofa e a peça pega cheiro.	sintetico.md	guia: jaquetas/mofo-pena
0.56	1	A pena molhou e secou mal; a jaqueta fica fina e perde o calor.	Quando a pena molha e seca mal, ela se junta em bolas nos cantos dos gomos, e a jaqueta fica fina e fria em algumas partes.	sintetico.md	guia: jaquetas/penas-empelotadas
0.56	1	Da próxima vez, seque à sombra, no cabide, sem secadora quente nem ferro.	- Seque à sombra, no cabide, longe do sol e de secadora, e não passe a ferro.	sintetico.md	guia: jaquetas/fitas-derretidas
0.56	1	Da próxima vez, lave em água, seguindo a etiqueta, e seque sem calor forte.	Em água, seguindo a etiqueta, e sem calor forte na secagem, que pode rachar a camada impermeável.	roupa-de-cama.md	guia: roupa-de-cama/protetor-rachado
0.56	1	Não esfregue, não use produto caseiro e não passe ferro antes de a mancha sair.	Numa mancha fresca, encoste um pano limpo sem esfregar, e não passe o ferro direto.	alfaiataria.md	família: primeiro cuidado
0.57	812	Ferro, secador de cabelo ou secadora antes de a mancha sair: o calor fixa a mancha.	Trate antes de passar a ferro, porque o calor fixa a mancha.	algodao.md	guia: seda/vinho-tinto
0.57	1	Comum em vestidos de festa; nunca usar demaquilante em casa.	Vestido de festa e de noiva não se esfrega, não se lava em casa e não vai à lavagem comum.	cetim-organza.md	guia: festa-noiva/maquiagem
0.57	1	Borrifar perfume com o vestido já vestido: o álcool pode tirar a cor das pedrarias.	O álcool do perfume pode tirar essa cor, e o solvente da lavagem a seco pode soltar a cola.	cetim-organza.md	guia: festa-noiva/pedrarias
0.57	1	O linho absorve rápido; água quente fixa a mancha.	Tire o excesso encostando um pano limpo, sem esfregar, e não use água quente, que fixa manchas de café, chá e vinho.	_central.md	guia: linho/vinho-cafe-cha
0.57	1	Lavar em água o linho tingido cuja etiqueta proíbe água.	segundo a ANEL, o linho tingido pode mudar de cor na água, e é por isso que muitas etiquetas de cortina de linho pedem lavagem a seco.	cortinas.md	guia: linho/mudanca-cor
0.57	1	Suor acumulado no recheio e na membrana; o amaciante comum piora.	Suor acumulado no recheio e na membrana;	sintetico.md	guia: jaquetas/cheiro-suor
0.57	28	Álcool ou água sanitária na mancha: os dois atacam o corante.	Água sanitária e alvejante com cloro destroem o corante e deixam uma mancha esbranquiçada;	couro.md	família: couro/m-cafe
0.57	1	O corante fica na superfície do fio e sai a cada lavagem.	Jeans e sarja desbotam porque o corante fica na superfície do fio, e encolhem com água quente e secadora.	jeans-sarja.md	guia: jeans/desbote
0.57	1	Suor e oleosidade oxidam com o tempo; o cloro piora no poliéster.	Porque o suor e a oleosidade da pele se acumulam no tecido e oxidam com o tempo.	algodao.md	guia: edredom/amarelado
0.58	1	Manchas tratadas antes da lavagem, com o produto certo para cada família: gordura e graxa, manchas orgânicas ou manchas vegetais, como a grama.	Manchas tratadas antes da lavagem, com o produto certo para cada família:	jeans-sarja.md	processo: jeans
0.58	1	Casal e king não cabem direito: sem espaço para girar, a manta interna rasga e o enchimento embola.	sem espaço para girar, a manta interna rasga e o enchimento embola.	edredom.md	máquina: edredom
0.60	1	Tira a cor e deixa sombra; sai com remoção do álcool, lavagem a seco e depois em água.	sai com remoção do álcool, lavagem a seco e depois em água	seda.md	guia: seda/bebida-alcool
0.60	158	É uma mancha orgânica ou proteica: pede um tira-manchas próprio, diferente do usado nas outras famílias de manchas.	O vinho é uma mancha de tanino e pede um tira-manchas próprio, diferente do usado para gordura ou comida.	cetim-organza.md	família: seda/m-sangue
0.60	1	Leve para passar: a passadoria profissional resolve.	a passadoria profissional resolve	linho.md	guia: linho/amassado
0.60	1	Dano físico; nenhum processo recupera.	nenhum processo recupera	la.md	guia: la/feltragem
0.60	9	Mofo é o problema que mais chega à Dedicada em veludo, couro, peles e pelúcias; quanto antes a peça for lavada, maior a chance de sair.	Mofo é o problema que mais chega à Dedicada em veludo, couro, peles e pelúcias, e o ideal é tratar quanto antes, de preferência em até 24 horas.	_central.md	família: la/m-mofo
0.60	1	Deixar a jaqueta de pena secando sozinha no varal: o recheio demora a secar e mofa.	Não pendure a jaqueta de pena molhada no varal esperando secar sozinha, e não guarde antes de ter certeza de que o recheio secou.	sintetico.md	guia: jaquetas/mofo-pena
0.60	3	Álcool ou água sanitária: atacam o corante.	Água sanitária e alvejante com cloro destroem o corante e deixam uma mancha esbranquiçada;	couro.md	guia: couro/sangue-leite
0.60	1	Máquina de casa: a agitação embaraça o pelo.	A agitação embaraça o pelo, e o calor deforma a pelagem sintética e resseca o couro da pele natural.	peles.md	guia: peles/pelo-embaracado
0.60	1	Da próxima vez, não use água sanitária no colarinho: com o tempo, o cloro enfraquece a fibra, e o colarinho fica puído antes do resto da camisa.	Com o tempo, o cloro enfraquece a fibra, e o colarinho fica puído antes do resto da camisa.	algodao.md	guia: camisas/puidos
0.60	1	Lavar jeans escuro novo com roupas claras: a cor passa para as outras peças.	- Lavar jeans escuro novo com roupas claras:	jeans-sarja.md	guia: jeans/desbote
0.60	1	Deixar a cortina encostada no vidro úmido.	Em quartos e salas pouco ventilados, a umidade de Florianópolis também favorece o mofo, principalmente na parte da cortina que encosta no vidro.	cortinas.md	guia: cortinas/mofo
0.60	1	Leve a fantasia para higienizar depois de cada evento.	Higienize depois de cada evento	pelucias-fantasias.md	guia: pelucias/suor-mascote
0.60	1	Goma e secagem natural, sem secadora: na secadora, a goma desaparece.	Secagem natural, sem secadora.	cortinas.md	processo: mesa
0.63	1	Da próxima vez, passe a vapor ou com ferro morno e um pano por cima.	A seda se passa a vapor ou com ferro morno e um pano por cima.	seda.md	guia: seda/brilho-ferro
0.63	22	Não use água sanitária: ela escurece a mancha de ferrugem.	Não use água sanitária, que fixa a mancha, e não passe a ferro antes de tratar.	algodao.md	família: seda/m-ferrugem
0.63	1	“Marca de pisada” de uma gota que secou sozinha; molhar em volta piora.	“Marca de pisada” de uma gota que secou sozinha;	veludo.md	guia: veludo/marca-agua
0.63	1	Peça guardada úmida ou suada; na umidade de Florianópolis, aparece rápido.	na umidade de Florianópolis, aparece em peças guardadas sem ventilação	veludo.md	guia: linho/mofo
0.63	1	Suor e tempo guardado; água sanitária piora e enfraquece a fibra.	água sanitária piora e enfraquece a fibra	linho.md	guia: linho/amarelado-suor
0.63	1	Para clarear, use alvejante sem cloro, se a etiqueta permitir, ou leve a peça.	Lave toda semana, na temperatura que a etiqueta permite, e use alvejante à base de oxigênio nas peças brancas, nunca água sanitária.	roupa-de-cama.md	guia: linho/amarelado-suor
0.63	1	Na próxima mancha, só encoste um pano limpo, sem esfregar, e leve a peça.	Tire o excesso encostando um pano limpo, sem esfregar, e não use água quente, que fixa manchas de café, chá e vinho.	_central.md	guia: linho/area-clara
0.63	1	Terno guardado úmido ou em capa plástica; ataca a lã e a cola da entretela.	Terno guardado úmido ou em capa plástica;	alfaiataria.md	guia: alfaiataria/mofo
0.63	1	Depois, guarde a peça pendurada, em cabide de ombro largo e em local ventilado.	Guarde pendurado, em cabide de ombro largo.	couro.md	guia: couro/mofo
0.63	1	Penetram e endurecem o couro; a maciez original pode não voltar totalmente.	a maciez original pode não voltar totalmente	couro.md	guia: couro/sangue-leite
0.63	1	Suor e oleosidade oxidados; repassar a ferro sem lavar fixa a mancha.	repassar a ferro sem lavar fixa a mancha	algodao.md	guia: camisas/colarinho
0.63	1	Se o amarelado for forte e com gordura, leve a camisa em até 48 horas.	Se o amarelado for forte e com gordura, a camisa vai antes para a lavagem a seco e recebe uma pasta que age de um dia para o outro.	algodao.md	guia: camisas/colarinho
0.63	1	Passar a ferro sobre a mancha: o calor fixa desodorante e suor.	Trate antes de passar a ferro, porque o calor fixa a mancha.	algodao.md	guia: camisas/desodorante
0.63	1	Protetor solar que reage com minerais da água; o cloro fixa a mancha.	Em cidade de praia, o protetor solar reage com a água e deixa manchas alaranjadas.	algodao.md	guia: camisas/alaranjada
0.63	1	A clorofila age como corante; esfregar com força desbota o jeans em volta.	esfregar com força desbota o jeans em volta	jeans-sarja.md	guia: jeans/grama
0.63	33	Acetona em detalhes sintéticos: dissolve o material e tira a cor na hora.	dissolve o material e tira a cor na hora.	tenis-calcados.md	família: tenis/m-vinho
0.63	1	Da próxima vez, edredom de casal ou king vai para máquina industrial.	Edredons de casal ou king não cabem direito, e a estrutura do carrinho de bebê não vai à máquina.	_central.md	guia: edredom/embolado
0.63	1	Duplo alvejamento sem cloro nos edredons claros; os coloridos e estampados lavam sem alvejamento.	> “Todo edredom passa por remoção manual de manchas, e os claros, por um ciclo de duplo alvejamento sem cloro.	edredom.md	processo: edredom
0.63	1	Voal e poliéster leves, se a etiqueta permitir: água fria, ciclo delicado, sem centrifugação forte; linho, blackout e cortinas grandes, não.	Cortinas leves de voal ou poliéster costumam aceitar água fria em ciclo delicado, se a etiqueta permitir.	cortinas.md	máquina: cortinas
0.63	2	Manchas tratadas antes da lavagem, com o tira-manchas da Seitz próprio da família de cada uma (V1, V2 ou V3).	Fazemos a pré-lavagem, deixamos de molho e tratamos cada tipo de mancha com um protocolo próprio antes de lavar no programa da Seitz para noivas.	_central.md	processo: bebe
0.64	1	Pré-lavagem à mão, molho e o tira-manchas certo para cada mancha, antes das lavagens no programa da Seitz para vestidos.	Fazemos a pré-lavagem, deixamos de molho e tratamos cada tipo de mancha com um protocolo próprio antes de lavar no programa da Seitz para noivas.	_central.md	guia: festa-noiva/barra-comida-vinho
0.64	1	Adiar a limpeza de bebidas e doces: o açúcar de drinks, sucos e caldas se fixa nas tramas finas.	o açúcar de drinks, sucos e caldas se fixa nas tramas finas.	cetim-organza.md	guia: festa-noiva/barra-comida-vinho
0.64	1	Da próxima vez, siga a etiqueta: se ela permitir água, lave em água fria e seque à sombra.	Se a etiqueta permitir água, lave do avesso, em água fria e ciclo curto, e seque à sombra, no cabide, sem secadora.	veludo.md	guia: linho/encolhimento
0.64	1	Avaliação da peça, principalmente das antigas: se o couro estiver ressecado, a Dedicada avisa os riscos antes de lavar.	se o couro estiver ressecado, a Dedicada avisa os riscos antes de lavar.	peles.md	processo: peles
0.64	1	Lavagem em água fria, no wet cleaning: no programa da Seitz para peças coloridas, a água não passa de 30 °C.	no programa da Seitz para peças coloridas, a água não passa de 30 °C.	jeans-sarja.md	processo: jeans
0.64	1	Da próxima vez, cortina de linho que não foi pré-encolhida vai para a lavagem a seco.	Na Dedicada, cortinas de linho que não foram pré-encolhidas vão para a lavagem a seco, sem água.	cortinas.md	guia: cortinas/encolhimento
0.64	1	Na orientação da Dedicada, o carrinho se lava a cada 1 a 2 meses com uso frequente, e o bebê conforto, a cada 15 a 30 dias.	Na orientação da Dedicada, o carrinho a cada 1 a 2 meses com uso frequente, ou a cada 2 a 3 meses com uso ocasional.	carrinho-de-bebe.md	guia: carrinho/terra
0.64	1	Leve a peça em até 24 horas para avaliação: quanto mais tempo o líquido seca sozinho, maior a chance de a marca ficar.	Entre eles, a mancha líquida é a mais urgente, porque quanto mais tempo o líquido seca sozinho, maior a chance de a marca ficar.	veludo.md	guia: veludo/marca-agua
0.67	1	Alto risco de fixação; nunca esfregar nem usar água quente.	nunca esfregar nem usar água quente	seda.md	guia: seda/vinho-tinto
0.67	2	Esfregar, mesmo de leve: tira parte da cor e deixa uma marca esbranquiçada.	Esfregar, mesmo de leve, tira parte da cor e arrepia a superfície da fibra.	seda.md	guia: seda/vinho-tinto
0.67	1	Sem urgência; tem tratamento	Quando tem cheiro nas axilas, fazemos um tratamento específico que tira o odor e preserva a entretela, sem deixar bolhas no paletó.”	_central.md	guia: seda/quebrados-brancos
0.67	1	Sem urgência; difícil de reverter	Difícil de reverter	alfaiataria.md	guia: seda/brilho-ferro
0.67	21	Não esfregue com detergente: a fricção tira o corante e deixa a área clara.	a fricção tira o corante junto e deixa a área clara.	jeans-sarja.md	família: seda/m-graxa
0.67	1	Quando fica sombra de bebida, lavagem em água no programa da Seitz para seda: 16 °C, 22 minutos e pouca ação mecânica.	Quando fica sombra de bebida, lavagem em água no programa da Seitz para seda:	seda.md	processo: seda
0.67	1	Pontos escuros e cheiro de guardado; na umidade de Florianópolis, aparece em peças guardadas sem ventilação.	na umidade de Florianópolis, aparece em peças guardadas sem ventilação	veludo.md	guia: veludo/mofo
0.67	1	Passar com o ferro encostado, mesmo com um pano por cima.	mesmo quando a etiqueta permite passar, a ANEL orienta nunca encostar o ferro no pelo.	veludo.md	guia: veludo/marca-ferro
0.67	3	Sem urgência; avaliar a peça	avaliar a peça	alfaiataria.md	guia: veludo/brilho-joelho
0.67	1	Sem urgência; alvejamento sem cloro	toalhas com duplo alvejamento sem cloro;	_central.md	guia: linho/amarelado-suor
0.67	1	Água e calor no paletó.	Cada tecido reage de um jeito à água, ao calor e ao atrito, e a etiqueta diz o que ele aguenta.	_central.md	guia: alfaiataria/bolhas
0.67	37	Encharcar o paletó: a água pode soltar a cola da entretela.	a água encolhe a lã e pode soltar a cola da entretela, deixando bolhas no peito.	alfaiataria.md	família: alfaiataria/m-vinho
0.67	1	Guarde a lã sempre limpa e seca, em local ventilado.	Guarde as peças sempre limpas e secas, porque as larvas de traça se alimentam da lã com resíduos de suor e pele.	la.md	guia: la/traca
0.67	1	Peças que pedem água vão para o wet cleaning, no programa da Seitz para lã: 28 °C, 25 minutos e pouca ação mecânica.	Peças que pedem água vão para o wet cleaning, no programa da Seitz para lã:	la.md	processo: la
0.67	1	Leve para avaliação: quando a peça já está descascando, a Dedicada avisa antes.	Peças antigas são avaliadas antes, e a Dedicada avisa os riscos.	peles.md	guia: jaquetas/descascando
0.67	1	Secar no sol forte ou perto de fonte de calor: enrijece e deforma o couro.	- Secar no sol forte ou perto de fonte de calor:	couro.md	guia: couro/mofo
0.67	1	Leve a peça sem adiar muito.	Leve a peça quanto antes;	_central.md	guia: couro/ferrugem
0.67	1	Guardar dobrado ou amassado: com calor e pressão, o couro enruga de forma irreversível.	com calor e pressão, o couro enruga de forma irreversível.	couro.md	guia: couro/encolhimento-calor
0.67	1	Sem urgência; lave antes de usar	Lave antes de usar de novo	carrinho-de-bebe.md	guia: peles/cheiro-guardado
0.67	1	Leve para lavar antes de usar.	Os erros que mais estragam a camisa são repassar a peça usada sem lavar, usar água sanitária no colarinho e secar com calor.	algodao.md	guia: peles/cheiro-guardado
0.67	1	Da próxima vez, lave antes de guardar, no fim do inverno.	- Lave antes de guardar, no fim do inverno.	peles.md	guia: peles/cheiro-guardado
0.67	1	Avaliar antes de lavar: pode rasgar	Avaliar antes de lavar:	peles.md	guia: peles/couro-ressecado
0.67	1	Lavagem a seco ou em wet cleaning, conforme a instrução de lavagem; pele de coelho, sempre a seco.	Na Dedicada, a peça é lavada a seco ou em wet cleaning, conforme a instrução de lavagem, e depois o pelo é penteado, para voltar ao volume.	peles.md	processo: peles
0.67	1	Passar a ferro antes de tratar.	Passar a ferro uma camisa usada, sem lavar, fixa o amarelado a cada repasse.	algodao.md	guia: camisas/alaranjada
0.67	33	Mergulhar tênis de couro na água: o couro resseca e mancha.	- Mergulhar tênis de couro na água:	tenis-calcados.md	família: tenis/m-vinho
0.67	1	Secagem natural, sem secadora. O tênis de couro, que não pode ir na água, é higienizado à mão.	O tênis de couro, que não pode ir na água, é higienizado à mão.	tenis-calcados.md	processo: tenis
0.67	1	Sem urgência; alvejante sem cloro	toalhas com duplo alvejamento sem cloro;	_central.md	guia: edredom/amarelado
0.67	1	Leve a pelúcia para lavar.	Linho, veludo, jaquetas, pelúcias pequenas e cortinas leves só quando a etiqueta permite água, e com cuidado.	_central.md	guia: pelucias/amarelado
0.67	1	Carrinho guardado úmido ou em lugar fechado; aparece no tecido, nas espumas e nas costuras.	aparece em carrinho guardado úmido ou em lugar fechado, e a umidade de Florianópolis ajuda a espalhar.	carrinho-de-bebe.md	guia: carrinho/mofo
0.67	1	Leve o carrinho para lavar.	[img alt="Higienização de Carrinho de Bebê - Dedicada Lavanderia" src="https://dedicadalavanderia.com.br/wp-content/uploads/2026/03/lavanderia-florianopolis-lavar-carrinho-de-bebe.jpg"]	_central.md	guia: carrinho/comida
0.67	1	Estrutura, não; capas, conforme a etiqueta e o manual.	capas, conforme a etiqueta e o manual	_central.md	máquina: carrinho
0.67	3	Alvejamento, quando a peça pede, à base de oxigênio, sem cloro.	Em todos os programas da Seitz, o alvejamento é à base de oxigênio, nunca cloro.	_central.md	processo: viscose
0.67	38	Água sanitária ou alvejante com cloro: segundo a ANEL, o poliéster e a poliamida amarelam com cloro.	Segundo a ANEL, o poliéster e a poliamida, comuns em camisas mistas, também amarelam com cloro.	algodao.md	família: sinteticos/m-vinho
0.67	38	Encharcar a farda com entretela: a água pode soltar a cola da entretela.	a água encolhe a lã e pode soltar a cola da entretela, deixando bolhas no peito.	alfaiataria.md	família: fardas/m-vinho
0.69	1	Nylon e poliéster, se a etiqueta permitir: zíperes fechados, do avesso, água fria, ciclo delicado e sem amaciante comum.	zíperes fechados, do avesso, água fria, ciclo delicado e sem amaciante comum.	sintetico.md	máquina: jaquetas
0.70	189	É uma mancha vegetal ou de tanino: pede um tira-manchas próprio, diferente do usado nas outras famílias de manchas.	O vinho é uma mancha de tanino e pede um tira-manchas próprio, diferente do usado para gordura ou comida.	cetim-organza.md	família: seda/m-cafe
0.70	46	Não use demaquilante: os óleos criam uma segunda mancha, geralmente maior que a original.	os óleos criam uma segunda mancha, geralmente maior que a original.	cetim-organza.md	família: seda/m-maquiagem
0.70	113	É uma mancha gordurosa ou sintética: pede um tira-manchas próprio, diferente do usado nas outras famílias de manchas.	O vinho é uma mancha de tanino e pede um tira-manchas próprio, diferente do usado para gordura ou comida.	cetim-organza.md	família: seda/m-caneta
0.70	15	Não use água sanitária: o cloro deixa o amarelado mais forte e enfraquece a fibra.	Água sanitária deixa o amarelado mais forte e enfraquece a fibra;	algodao.md	família: festa-noiva/m-amarelado
0.70	1	Leve a peça: os pelos e as bolinhas são tirados à mão e com máquina própria, depois da lavagem.	Na Dedicada, os pelos e as bolinhas são removidos à mão e com máquina própria, depois da lavagem.	la.md	guia: la/bolinhas
0.70	1	No couro escuro, geralmente sai; no couro claro, pode deixar marca avermelhada, violeta ou esverdeada.	no couro claro, pode deixar marca avermelhada, violeta ou esverdeada	couro.md	guia: couro/mofo
0.70	1	Da próxima vez, seque em local ventilado, com papel dentro, sem secadora nem secador de cabelo.	Seque em local ventilado, com papel dentro, sem secadora, aquecedor ou secador de cabelo.	tenis-calcados.md	guia: tenis/cola-solta
0.70	1	Secagem natural, sem secadora. A Dedicada não tira nem coloca a cortina no trilho.	A Dedicada busca e entrega a cortina, mas não tira nem coloca no trilho.	cortinas.md	processo: cortinas
0.71	1	Escovar ou esfregar a área: espalha o mofo e marca o pelo.	Não escove nem esfregue a área, para não espalhar o mofo nem marcar o pelo, e leve a peça para lavar logo, a seco ou em água conforme a etiqueta.	veludo.md	guia: veludo/mofo
0.71	1	Leve a peça: depois da lavagem, o pelo é alinhado numa só direção.	Na Dedicada, depois da lavagem, o pelo é alinhado numa só direção, e o tecido volta a refletir a luz por igual.	veludo.md	guia: veludo/rajado
0.71	1	Puxar as bolinhas com a mão ou com lâmina: pode furar ou abrir a malha.	Sem puxar com a mão e sem lâmina de barbear, que podem furar a malha.	la.md	guia: la/bolinhas
0.71	1	Peça guardada com umidade; aparece no couro, no forro e no pelo.	Casaco e colete guardados por meses, com a umidade de Florianópolis, criam mofo no couro, no forro e no pelo.	peles.md	guia: peles/mofo
0.71	1	O algodão absorve corante solto com facilidade; a secadora fixa.	o algodão absorve o corante solto com facilidade.	algodao.md	guia: camisas/cor-outra-peca
0.71	33	Secadora com a peça manchada: o calor fixa a mancha e o corante de vez.	o calor fixa a mancha e o corante de vez.	algodao.md	família: camisas/m-vinho
0.71	1	Guardar úmido: o tênis pega cheiro e mofa por dentro.	Tênis que fica úmido por dentro pega cheiro e pode mofar.	tenis-calcados.md	guia: tenis/mofo
0.71	1	Máquina de lavar: descola biqueiras e solados e deforma o cabedal.	A máquina de lavar pode descolar biqueiras e deformar o tênis.	tenis-calcados.md	guia: tenis/lama
0.71	1	Leve a cortina: as barras são esfregadas à mão antes da lavagem.	Na Dedicada, as barras são esfregadas à mão, a cortina lava em ciclo próprio e seca ao natural, e fica pronta em 3 a 4 dias.	cortinas.md	guia: cortinas/barras
0.71	1	Nas fantasias, as partes laváveis vão para o wet cleaning; cabeças e corpos com estrutura recebem limpeza manual e higienização com Odorsorb.	Nas fantasias, as partes laváveis vão para o wet cleaning, e cabeças e corpos com estrutura são higienizados à mão;	pelucias-fantasias.md	processo: pelucias
0.73	1	Lençóis, fronhas e toalhas: ciclo de enxoval da Seitz, sempre em água; lençol de seda, só a seco.	Lençóis, fronhas e toalhas vão sempre para a água, no ciclo de enxoval da Seitz;	roupa-de-cama.md	processo: roupa-de-cama
0.73	3	Lavagem a seco com percloroetileno, wet cleaning com produtos Seitz ou lavagem em água, conforme a etiqueta e o tecido.	Lavagem a seco, em percloroetileno, ou em água, com produtos Seitz, conforme a etiqueta.	veludo.md	processo: viscose
0.73	1	Tire o excesso encostando um pano limpo, sem esfregar, e não use água quente: o calor fixa sangue, suor e comida.	Tire o excesso encostando um pano limpo, sem esfregar, e não use água quente, que fixa manchas de café, chá e vinho.	_central.md	família: primeiro cuidado
